{
    "__tuple__:[0, 1]": 0.5333333333333339,
    "__tuple__:[0, 2]": 0.5333333333333339,
    "__tuple__:[0, 3]": 0.5333333333333339,
    "__tuple__:[0, 4]": 0.5333333333333339,
    "__tuple__:[0, 5]": 0.5333333333333339,
    "__tuple__:[0, 6]": 0.5333333333333339,
    "__tuple__:[0, 7]": 0.5333333333333339,
    "__tuple__:[0, 8]": 0.5333333333333339,
    "__tuple__:[0, 9]": 0.5333333333333339,
    "__tuple__:[0, 10]": 0.5333333333333339,
    "__tuple__:[0, 11]": 0.5333333333333339,
    "__tuple__:[0, 12]": 0.5333333333333339,
    "__tuple__:[0, 13]": 0.5333333333333339,
    "__tuple__:[0, 14]": 0.5333333333333339,
    "__tuple__:[0, 15]": 0.5333333333333339,
    "__tuple__:[1, 0]": 0.5333333333333339,
    "__tuple__:[1, 2]": 0.5333333333333339,
    "__tuple__:[1, 3]": 0.5333333333333339,
    "__tuple__:[1, 4]": 0.5333333333333339,
    "__tuple__:[1, 5]": 0.5333333333333339,
    "__tuple__:[1, 6]": 0.5333333333333339,
    "__tuple__:[1, 7]": 0.5333333333333339,
    "__tuple__:[1, 8]": 0.5333333333333339,
    "__tuple__:[1, 9]": 0.5333333333333339,
    "__tuple__:[1, 10]": 0.5333333333333339,
    "__tuple__:[1, 11]": 0.5333333333333339,
    "__tuple__:[1, 12]": 0.5333333333333339,
    "__tuple__:[1, 13]": 0.5333333333333339,
    "__tuple__:[1, 14]": 0.5333333333333339,
    "__tuple__:[1, 15]": 0.5333333333333339,
    "__tuple__:[2, 0]": 0.5333333333333339,
    "__tuple__:[2, 1]": 0.5333333333333339,
    "__tuple__:[2, 3]": 0.5333333333333339,
    "__tuple__:[2, 4]": 0.5333333333333339,
    "__tuple__:[2, 5]": 0.5333333333333339,
    "__tuple__:[2, 6]": 0.5333333333333339,
    "__tuple__:[2, 7]": 0.5333333333333339,
    "__tuple__:[2, 8]": 0.5333333333333339,
    "__tuple__:[2, 9]": 0.5333333333333339,
    "__tuple__:[2, 10]": 0.5333333333333339,
    "__tuple__:[2, 11]": 0.5333333333333339,
    "__tuple__:[2, 12]": 0.5333333333333339,
    "__tuple__:[2, 13]": 0.5333333333333339,
    "__tuple__:[2, 14]": 0.5333333333333339,
    "__tuple__:[2, 15]": 0.5333333333333339,
    "__tuple__:[3, 0]": 0.5333333333333339,
    "__tuple__:[3, 1]": 0.5333333333333339,
    "__tuple__:[3, 2]": 0.5333333333333339,
    "__tuple__:[3, 4]": 0.5333333333333339,
    "__tuple__:[3, 5]": 0.5333333333333339,
    "__tuple__:[3, 6]": 0.5333333333333339,
    "__tuple__:[3, 7]": 0.5333333333333339,
    "__tuple__:[3, 8]": 0.5333333333333339,
    "__tuple__:[3, 9]": 0.5333333333333339,
    "__tuple__:[3, 10]": 0.5333333333333339,
    "__tuple__:[3, 11]": 0.5333333333333339,
    "__tuple__:[3, 12]": 0.5333333333333339,
    "__tuple__:[3, 13]": 0.5333333333333339,
    "__tuple__:[3, 14]": 0.5333333333333339,
    "__tuple__:[3, 15]": 0.5333333333333339,
    "__tuple__:[4, 0]": 0.5333333333333339,
    "__tuple__:[4, 1]": 0.5333333333333339,
    "__tuple__:[4, 2]": 0.5333333333333339,
    "__tuple__:[4, 3]": 0.5333333333333339,
    "__tuple__:[4, 5]": 0.5333333333333339,
    "__tuple__:[4, 6]": 0.5333333333333339,
    "__tuple__:[4, 7]": 0.5333333333333339,
    "__tuple__:[4, 8]": 0.5333333333333339,
    "__tuple__:[4, 9]": 0.5333333333333339,
    "__tuple__:[4, 10]": 0.5333333333333339,
    "__tuple__:[4, 11]": 0.5333333333333339,
    "__tuple__:[4, 12]": 0.5333333333333339,
    "__tuple__:[4, 13]": 0.5333333333333339,
    "__tuple__:[4, 14]": 0.5333333333333339,
    "__tuple__:[4, 15]": 0.5333333333333339,
    "__tuple__:[5, 0]": 0.5333333333333339,
    "__tuple__:[5, 1]": 0.5333333333333339,
    "__tuple__:[5, 2]": 0.5333333333333339,
    "__tuple__:[5, 3]": 0.5333333333333339,
    "__tuple__:[5, 4]": 0.5333333333333339,
    "__tuple__:[5, 6]": 0.5333333333333339,
    "__tuple__:[5, 7]": 0.5333333333333339,
    "__tuple__:[5, 8]": 0.5333333333333339,
    "__tuple__:[5, 9]": 0.5333333333333339,
    "__tuple__:[5, 10]": 0.5333333333333339,
    "__tuple__:[5, 11]": 0.5333333333333339,
    "__tuple__:[5, 12]": 0.5333333333333339,
    "__tuple__:[5, 13]": 0.5333333333333339,
    "__tuple__:[5, 14]": 0.5333333333333339,
    "__tuple__:[5, 15]": 0.5333333333333339,
    "__tuple__:[6, 0]": 0.5333333333333339,
    "__tuple__:[6, 1]": 0.5333333333333339,
    "__tuple__:[6, 2]": 0.5333333333333339,
    "__tuple__:[6, 3]": 0.5333333333333339,
    "__tuple__:[6, 4]": 0.5333333333333339,
    "__tuple__:[6, 5]": 0.5333333333333339,
    "__tuple__:[6, 7]": 0.5333333333333339,
    "__tuple__:[6, 8]": 0.5333333333333339,
    "__tuple__:[6, 9]": 0.5333333333333339,
    "__tuple__:[6, 10]": 0.5333333333333339,
    "__tuple__:[6, 11]": 0.5333333333333339,
    "__tuple__:[6, 12]": 0.5333333333333339,
    "__tuple__:[6, 13]": 0.5333333333333339,
    "__tuple__:[6, 14]": 0.5333333333333339,
    "__tuple__:[6, 15]": 0.5333333333333339,
    "__tuple__:[7, 0]": 0.5333333333333339,
    "__tuple__:[7, 1]": 0.5333333333333339,
    "__tuple__:[7, 2]": 0.5333333333333339,
    "__tuple__:[7, 3]": 0.5333333333333339,
    "__tuple__:[7, 4]": 0.5333333333333339,
    "__tuple__:[7, 5]": 0.5333333333333339,
    "__tuple__:[7, 6]": 0.5333333333333339,
    "__tuple__:[7, 8]": 0.5333333333333339,
    "__tuple__:[7, 9]": 0.5333333333333339,
    "__tuple__:[7, 10]": 0.5333333333333339,
    "__tuple__:[7, 11]": 0.5333333333333339,
    "__tuple__:[7, 12]": 0.5333333333333339,
    "__tuple__:[7, 13]": 0.5333333333333339,
    "__tuple__:[7, 14]": 0.5333333333333339,
    "__tuple__:[7, 15]": 0.5333333333333339,
    "__tuple__:[8, 0]": 0.5333333333333339,
    "__tuple__:[8, 1]": 0.5333333333333339,
    "__tuple__:[8, 2]": 0.5333333333333339,
    "__tuple__:[8, 3]": 0.5333333333333339,
    "__tuple__:[8, 4]": 0.5333333333333339,
    "__tuple__:[8, 5]": 0.5333333333333339,
    "__tuple__:[8, 6]": 0.5333333333333339,
    "__tuple__:[8, 7]": 0.5333333333333339,
    "__tuple__:[8, 9]": 0.5333333333333339,
    "__tuple__:[8, 10]": 0.5333333333333339,
    "__tuple__:[8, 11]": 0.5333333333333339,
    "__tuple__:[8, 12]": 0.5333333333333339,
    "__tuple__:[8, 13]": 0.5333333333333339,
    "__tuple__:[8, 14]": 0.5333333333333339,
    "__tuple__:[8, 15]": 0.5333333333333339,
    "__tuple__:[9, 0]": 0.5333333333333339,
    "__tuple__:[9, 1]": 0.5333333333333339,
    "__tuple__:[9, 2]": 0.5333333333333339,
    "__tuple__:[9, 3]": 0.5333333333333339,
    "__tuple__:[9, 4]": 0.5333333333333339,
    "__tuple__:[9, 5]": 0.5333333333333339,
    "__tuple__:[9, 6]": 0.5333333333333339,
    "__tuple__:[9, 7]": 0.5333333333333339,
    "__tuple__:[9, 8]": 0.5333333333333339,
    "__tuple__:[9, 10]": 0.5333333333333339,
    "__tuple__:[9, 11]": 0.5333333333333339,
    "__tuple__:[9, 12]": 0.5333333333333339,
    "__tuple__:[9, 13]": 0.5333333333333339,
    "__tuple__:[9, 14]": 0.5333333333333339,
    "__tuple__:[9, 15]": 0.5333333333333339,
    "__tuple__:[10, 0]": 0.5333333333333339,
    "__tuple__:[10, 1]": 0.5333333333333339,
    "__tuple__:[10, 2]": 0.5333333333333339,
    "__tuple__:[10, 3]": 0.5333333333333339,
    "__tuple__:[10, 4]": 0.5333333333333339,
    "__tuple__:[10, 5]": 0.5333333333333339,
    "__tuple__:[10, 6]": 0.5333333333333339,
    "__tuple__:[10, 7]": 0.5333333333333339,
    "__tuple__:[10, 8]": 0.5333333333333339,
    "__tuple__:[10, 9]": 0.5333333333333339,
    "__tuple__:[10, 11]": 0.5333333333333339,
    "__tuple__:[10, 12]": 0.5333333333333339,
    "__tuple__:[10, 13]": 0.5333333333333339,
    "__tuple__:[10, 14]": 0.5333333333333339,
    "__tuple__:[10, 15]": 0.5333333333333339,
    "__tuple__:[11, 0]": 0.5333333333333339,
    "__tuple__:[11, 1]": 0.5333333333333339,
    "__tuple__:[11, 2]": 0.5333333333333339,
    "__tuple__:[11, 3]": 0.5333333333333339,
    "__tuple__:[11, 4]": 0.5333333333333339,
    "__tuple__:[11, 5]": 0.5333333333333339,
    "__tuple__:[11, 6]": 0.5333333333333339,
    "__tuple__:[11, 7]": 0.5333333333333339,
    "__tuple__:[11, 8]": 0.5333333333333339,
    "__tuple__:[11, 9]": 0.5333333333333339,
    "__tuple__:[11, 10]": 0.5333333333333339,
    "__tuple__:[11, 12]": 0.5333333333333339,
    "__tuple__:[11, 13]": 0.5333333333333339,
    "__tuple__:[11, 14]": 0.5333333333333339,